song_id,title,artist,artist_id,album,album_id,source_genre,genre,label_source,tier,release_year,release_year_source,audio_path,audio_url,lyrics,cover_path,cover_url,source,source_id,annotation_status,annotator_id,annotation_agreement,rejection_reason
,Ai Xuối Em Phụ Tình Anh,,,,,,,,,,,,,,,,vietlyrics,ZW78IFAB,,,,MISSING_TITLE_OR_ARTIST
,Bước Ra Từ Cuộc Chơi,,,,,,,,,,,,,,,,vietlyrics,ZW77F7WE,,,,MISSING_TITLE_OR_ARTIST
,Cho Nhau,,,,,,,,,,,,,,,,vietlyrics,ZWA978Z9,,,,MISSING_TITLE_OR_ARTIST
,Chưa Kịp Trao,,,,,,,,,,,,,,,,vietlyrics,ZW7U90BU,,,,MISSING_TITLE_OR_ARTIST
,Con Tim Mồ Côi,,,,,,,,,,,,,,,,vietlyrics,ZWZ987WD,,,,MISSING_TITLE_OR_ARTIST
,Cuốn Mãi Trôi Xa Tan Đi,,,,,,,,,,,,,,,,vietlyrics,ZW7UCFO0,,,,MISSING_TITLE_OR_ARTIST
,Em Còn Nhớ Huế Không,,,,,,,,,,,,,,,,vietlyrics,ZWZCAAIC,,,,MISSING_TITLE_OR_ARTIST
,Em Khoe Với Mẹ,,,,,,,,,,,,,,,,vietlyrics,ZW780BOZ,,,,MISSING_TITLE_OR_ARTIST
,Em Sẽ Buông Tay,,,,,,,,,,,,,,,,vietlyrics,ZW7UBA7U,,,,MISSING_TITLE_OR_ARTIST
,H'zen Lên Rẫy,,,,,,,,,,,,,,,,vietlyrics,ZW66UWZD,,,,MISSING_TITLE_OR_ARTIST
,Hoàng Tử Trong Mơ,,,,,,,,,,,,,,,,vietlyrics,ZWZFBCU0,,,,MISSING_TITLE_OR_ARTIST
,Hãy Hiểu Cho Anh,,,,,,,,,,,,,,,,vietlyrics,ZW78WC7C,,,,MISSING_TITLE_OR_ARTIST
,Hết Duyên Là Ý Trời,,,,,,,,,,,,,,,,vietlyrics,ZW7UA9FZ,,,,MISSING_TITLE_OR_ARTIST
,Khi Tình Đã Xa,,,,,,,,,,,,,,,,vietlyrics,ZW6UD0FF,,,,MISSING_TITLE_OR_ARTIST
,Không Làm Gì,,,,,,,,,,,,,,,,vietlyrics,ZW7U9WCE,,,,MISSING_TITLE_OR_ARTIST
,Khúc Chiều Thu,,,,,,,,,,,,,,,,vietlyrics,ZW77F6BA,,,,MISSING_TITLE_OR_ARTIST
,Kỉ Niệm Trôi Qua,,,,,,,,,,,,,,,,vietlyrics,ZW78IBC8,,,,MISSING_TITLE_OR_ARTIST
,LK Biết Đến Bao Giờ,,,,,,,,,,,,,,,,vietlyrics,ZW77FFC8,,,,MISSING_TITLE_OR_ARTIST
,LK Một Chuyến Xe Hoa - Vì Trong Nghịch Cảnh,,,,,,,,,,,,,,,,vietlyrics,ZW7UD70W,,,,MISSING_TITLE_OR_ARTIST
,Làm Người Yêu Em Nhé Baby (Cover),,,,,,,,,,,,,,,,vietlyrics,ZW78WIAA,,,,MISSING_TITLE_OR_ARTIST
,Lời Cuối Tình Yêu 2,,,,,,,,,,,,,,,,vietlyrics,ZW7UB8UE,,,,MISSING_TITLE_OR_ARTIST
,Lửa Gần Rơm,,,,,,,,,,,,,,,,vietlyrics,ZW6UC800,,,,MISSING_TITLE_OR_ARTIST
,Mãi Mãi Tình Say,,,,,,,,,,,,,,,,vietlyrics,ZW78W69B,,,,MISSING_TITLE_OR_ARTIST
,Mưa Rừng,,,,,,,,,,,,,,,,vietlyrics,ZW78EOOA,,,,MISSING_TITLE_OR_ARTIST
,Ngàn Năm Thương Nhớ,,,,,,,,,,,,,,,,vietlyrics,ZWZ99AZA,,,,MISSING_TITLE_OR_ARTIST
,Người Đàn Ông Của Đời Anh,,,,,,,,,,,,,,,,vietlyrics,ZW7U9UA0,,,,MISSING_TITLE_OR_ARTIST
,Nhật Ký Chú Cuội,,,,,,,,,,,,,,,,vietlyrics,ZWZ999FU,,,,MISSING_TITLE_OR_ARTIST
,Những Điều Hạnh Phúc,,,,,,,,,,,,,,,,vietlyrics,ZW7UBD6B,,,,MISSING_TITLE_OR_ARTIST
,Phút Ban Đầu,,,,,,,,,,,,,,,,vietlyrics,Z6BZ7WBD,,,,MISSING_TITLE_OR_ARTIST
,Thật Lòng Anh Chưa Quên,,,,,,,,,,,,,,,,vietlyrics,ZW7UDOAW,,,,MISSING_TITLE_OR_ARTIST
,Trở Lại Huế Xưa,,,,,,,,,,,,,,,,vietlyrics,ZWZF90Z9,,,,MISSING_TITLE_OR_ARTIST
,Điều Phải Chứng Minh,,,,,,,,,,,,,,,,vietlyrics,ZW77FUC7,,,,MISSING_TITLE_OR_ARTIST
,Đồ Ngốc Anh Yêu Em,,,,,,,,,,,,,,,,vietlyrics,ZW78I796,,,,MISSING_TITLE_OR_ARTIST
,Đời Sống Không Già Vì Có Chúng Em,,,,,,,,,,,,,,,,vietlyrics,ZWZD96Z0,,,,MISSING_TITLE_OR_ARTIST
,Ai Hiểu Được Tình Yêu,,,,,,,,,,,,,,,,vietlyrics,ZW77F7OI,,,,MISSING_TITLE_OR_ARTIST
,Ai Hiểu Được Tình Yêu (Beat),,,,,,,,,,,,,,,,vietlyrics,ZW77F7OW,,,,MISSING_TITLE_OR_ARTIST
,Ai Ngoài Cánh Cửa,,,,,,,,,,,,,,,,vietlyrics,ZWZD96UF,,,,MISSING_TITLE_OR_ARTIST
,Alibaba (EDM Version),,,,,,,,,,,,,,,,vietlyrics,ZW7U9O9A,,,,MISSING_TITLE_OR_ARTIST
,Anh Có Em Trong Đời,,,,,,,,,,,,,,,,vietlyrics,ZW7UB78I,,,,MISSING_TITLE_OR_ARTIST
,Anh Có Phải Người Đàn Ông Tốt Không,,,,,,,,,,,,,,,,vietlyrics,ZW78WIZB,,,,MISSING_TITLE_OR_ARTIST
,Anh Có Vui Khi Mùa Xuân Đến,,,,,,,,,,,,,,,,vietlyrics,Z7C9UIF9,,,,MISSING_TITLE_OR_ARTIST
,Anh Dắt Em Đi,,,,,,,,,,,,,,,,vietlyrics,ZW77FE7I,,,,MISSING_TITLE_OR_ARTIST
,Anh Không Dám Nói,,,,,,,,,,,,,,,,vietlyrics,Z6UW8BFO,,,,MISSING_TITLE_OR_ARTIST
,Anh Không Là Bầu Trời,,,,,,,,,,,,,,,,vietlyrics,ZW7UCA7A,,,,MISSING_TITLE_OR_ARTIST
,Anh Là Sinh Viên,,,,,,,,,,,,,,,,vietlyrics,Z6O7OW7O,,,,MISSING_TITLE_OR_ARTIST
,Anh Lại Nhớ,,,,,,,,,,,,,,,,vietlyrics,ZW7UC6DD,,,,MISSING_TITLE_OR_ARTIST
,Anh Muốn Quay Lại,,,,,,,,,,,,,,,,vietlyrics,ZW6ZCA0D,,,,MISSING_TITLE_OR_ARTIST
,Anh Ru Em Ngủ,,,,,,,,,,,,,,,,vietlyrics,ZWZA0989,,,,MISSING_TITLE_OR_ARTIST
,Anh Sẽ Giả Vờ,,,,,,,,,,,,,,,,vietlyrics,ZW77FUBF,,,,MISSING_TITLE_OR_ARTIST
,Anh Vẫn Cố Giả Vờ,,,,,,,,,,,,,,,,vietlyrics,ZW7UD8WW,,,,MISSING_TITLE_OR_ARTIST
,Anh Vẫn Yêu,,,,,,,,,,,,,,,,vietlyrics,ZW78IZWU,,,,MISSING_TITLE_OR_ARTIST
,Anh Đi Nhé (Remix),,,,,,,,,,,,,,,,vietlyrics,ZW78WAFU,,,,MISSING_TITLE_OR_ARTIST
,Anh Đâu Có Khờ,,,,,,,,,,,,,,,,vietlyrics,ZW78WFUZ,,,,MISSING_TITLE_OR_ARTIST
,Anh Đã Yêu Người MỚi,,,,,,,,,,,,,,,,vietlyrics,Z69AE6CD,,,,MISSING_TITLE_OR_ARTIST
,Anh Đưa Em Về Phố Xa,,,,,,,,,,,,,,,,vietlyrics,ZW78W8F7,,,,MISSING_TITLE_OR_ARTIST
,Ba Kể Con Nghe (Acoustic Cover),,,,,,,,,,,,,,,,vietlyrics,ZW7UACEA,,,,MISSING_TITLE_OR_ARTIST
,Ba Mẹ Đi Xa,,,,,,,,,,,,,,,,vietlyrics,ZW78WC9U,,,,MISSING_TITLE_OR_ARTIST
,Baby Đến Bên Em Đi,,,,,,,,,,,,,,,,vietlyrics,ZW7UF0IO,,,,MISSING_TITLE_OR_ARTIST
,Bao Giờ Người Trở Lại,,,,,,,,,,,,,,,,vietlyrics,ZWZ9ZIB8,,,,MISSING_TITLE_OR_ARTIST
,Biết Khóc Với Ai,,,,,,,,,,,,,,,,vietlyrics,ZW78I798,,,,MISSING_TITLE_OR_ARTIST
,Biết Yêu Khi Nào,,,,,,,,,,,,,,,,vietlyrics,ZWZCUW0C,,,,MISSING_TITLE_OR_ARTIST
,Biết Đâu Nguồn Cội,,,,,,,,,,,,,,,,vietlyrics,ZWZA0OBB,,,,MISSING_TITLE_OR_ARTIST
,Biển Và Cát,,,,,,,,,,,,,,,,vietlyrics,ZW78IFFC,,,,MISSING_TITLE_OR_ARTIST
,Buồn Con Chim Sáo,,,,,,,,,,,,,,,,vietlyrics,ZWZDC988,,,,MISSING_TITLE_OR_ARTIST
,Buồn Trong Kỷ Niệm,,,,,,,,,,,,,,,,vietlyrics,Z7Z6BF99,,,,MISSING_TITLE_OR_ARTIST
,Bài Ca Người Nữ Tự Vệ Sài Gòn,,,,,,,,,,,,,,,,vietlyrics,ZWZCDAC0,,,,MISSING_TITLE_OR_ARTIST
,Bài Tango Xa Rồi,,,,,,,,,,,,,,,,vietlyrics,ZZ96EW8I,,,,MISSING_TITLE_OR_ARTIST
,Bâng Khuâng Chiều Nội Trú,,,,,,,,,,,,,,,,vietlyrics,ZW6Z0BUU,,,,MISSING_TITLE_OR_ARTIST
,Bình Yên Sáng,,,,,,,,,,,,,,,,vietlyrics,ZW77FODZ,,,,MISSING_TITLE_OR_ARTIST
,Bình Yên Từ Trái Tim Tôi,,,,,,,,,,,,,,,,vietlyrics,ZWZ9ZWF0,,,,MISSING_TITLE_OR_ARTIST
,Bói Tình Yêu,,,,,,,,,,,,,,,,vietlyrics,ZWZA6FEU,,,,MISSING_TITLE_OR_ARTIST
,Bóng Mát,,,,,,,,,,,,,,,,vietlyrics,Z7ODBB09,,,,MISSING_TITLE_OR_ARTIST
,Bóng Mẹ Bên Đời,,,,,,,,,,,,,,,,vietlyrics,ZW77F6IA,,,,MISSING_TITLE_OR_ARTIST
,Bông Lục Bình,,,,,,,,,,,,,,,,vietlyrics,ZW78WBCO,,,,MISSING_TITLE_OR_ARTIST
,Bước Chân Trong Mưa,,,,,,,,,,,,,,,,vietlyrics,ZWZ9976U,,,,MISSING_TITLE_OR_ARTIST
,Bước Qua Thế Giới (Remix),,,,,,,,,,,,,,,,vietlyrics,ZW7UAI60,,,,MISSING_TITLE_OR_ARTIST
,Bản Tình Ca Màu Tím,,,,,,,,,,,,,,,,vietlyrics,ZWZC7ADC,,,,MISSING_TITLE_OR_ARTIST
,Bắt Đầu Khi Kết Thúc,,,,,,,,,,,,,,,,vietlyrics,ZW7UBD6W,,,,MISSING_TITLE_OR_ARTIST
,Bến Sầu Tương Tư,,,,,,,,,,,,,,,,vietlyrics,ZW7U9D97,,,,MISSING_TITLE_OR_ARTIST
,Bố Chẳng Đi Đâu Xa,,,,,,,,,,,,,,,,vietlyrics,ZW7UCW6E,,,,MISSING_TITLE_OR_ARTIST
,Bốn Mùa Tình Yêu,,,,,,,,,,,,,,,,vietlyrics,ZWZ9ZDUZ,,,,MISSING_TITLE_OR_ARTIST
,Bờ Đá Xanh Tạ Tội,,,,,,,,,,,,,,,,vietlyrics,ZW78I66A,,,,MISSING_TITLE_OR_ARTIST
,Cha Mẹ Là Quê Hương,,,,,,,,,,,,,,,,vietlyrics,ZW7UDZCZ,,,,MISSING_TITLE_OR_ARTIST
,Chiếc Cầu Chiều Mưa,,,,,,,,,,,,,,,,vietlyrics,ZWZDBBZ0,,,,MISSING_TITLE_OR_ARTIST
,Chiếc Vòng Cầu Hôn,,,,,,,,,,,,,,,,vietlyrics,ZWZ99OZC,,,,MISSING_TITLE_OR_ARTIST
,Chiều Cuối Năm,,,,,,,,,,,,,,,,vietlyrics,ZW6UCWF9,,,,MISSING_TITLE_OR_ARTIST
,Chiều Lên Bản Thượng,,,,,,,,,,,,,,,,vietlyrics,ZW780WOO,,,,MISSING_TITLE_OR_ARTIST
,Chiều Trên Quê Tôi,,,,,,,,,,,,,,,,vietlyrics,ZW7UBDB6,,,,MISSING_TITLE_OR_ARTIST
,Chiều Về Thăm Trường Xưa,,,,,,,,,,,,,,,,vietlyrics,ZW6UC8DW,,,,MISSING_TITLE_OR_ARTIST
,Cho Anh Quay Lại Nơi Bắt Đầu,,,,,,,,,,,,,,,,vietlyrics,ZWZD7EO7,,,,MISSING_TITLE_OR_ARTIST
,Cho Dù Cách Xa,,,,,,,,,,,,,,,,vietlyrics,ZW7UCUZZ,,,,MISSING_TITLE_OR_ARTIST
,Cho Ngày Đã Qua,,,,,,,,,,,,,,,,vietlyrics,ZWZ967FW,,,,MISSING_TITLE_OR_ARTIST
,Cho Người Tình Xa,,,,,,,,,,,,,,,,vietlyrics,ZWZ9ZWB9,,,,MISSING_TITLE_OR_ARTIST
,Chuyện Hẹn Hò,,,,,,,,,,,,,,,,vietlyrics,ZW7UCEOO,,,,MISSING_TITLE_OR_ARTIST
,Chuyện Tình Em Với Tôi,,,,,,,,,,,,,,,,vietlyrics,ZW78I96E,,,,MISSING_TITLE_OR_ARTIST
,Chuyện Tình Người Trinh Nữ Tên Thi,,,,,,,,,,,,,,,,vietlyrics,ZW7UBFUB,,,,MISSING_TITLE_OR_ARTIST
,Chàng Trai Xấu,,,,,,,,,,,,,,,,vietlyrics,ZW6UCD7O,,,,MISSING_TITLE_OR_ARTIST
,Chênh Vênh Giữa Hai Miền Cảm Xúc,,,,,,,,,,,,,,,,vietlyrics,ZW7U9DCU,,,,MISSING_TITLE_OR_ARTIST
,Chúng Tôi Đã Chia Tay,,,,,,,,,,,,,,,,vietlyrics,ZW7UD6DB,,,,MISSING_TITLE_OR_ARTIST
,Chẳng May Anh Đã Gặp Em,,,,,,,,,,,,,,,,vietlyrics,ZW78IFCE,,,,MISSING_TITLE_OR_ARTIST
,Chỉ Mong Trái Tim Người (Bí Mật Bị Thời Gian Vùi Lấp OST),,,,,,,,,,,,,,,,vietlyrics,ZW7UBUED,,,,MISSING_TITLE_OR_ARTIST
,Chờ Ai Muôn Kiếp,,,,,,,,,,,,,,,,vietlyrics,ZW78IFFI,,,,MISSING_TITLE_OR_ARTIST
,Chợt Nghe Bước Em Về (DJ Hiếu Phan Remix),,,,,,,,,,,,,,,,vietlyrics,ZW7U9IBA,,,,MISSING_TITLE_OR_ARTIST
,Close To Me (Lại Gần Em),,,,,,,,,,,,,,,,vietlyrics,ZW77F870,,,,MISSING_TITLE_OR_ARTIST
,Con Mắt Còn Lại,,,,,,,,,,,,,,,,vietlyrics,ZW66B0OE,,,,MISSING_TITLE_OR_ARTIST
,Con Sẽ Không Quên,,,,,,,,,,,,,,,,vietlyrics,ZWZ9ZDAO,,,,MISSING_TITLE_OR_ARTIST
,Con Đường Em Mơ,,,,,,,,,,,,,,,,vietlyrics,ZWZFWUC9,,,,MISSING_TITLE_OR_ARTIST
,Con Đường Đến Trường,,,,,,,,,,,,,,,,vietlyrics,ZW6UCBDD,,,,MISSING_TITLE_OR_ARTIST
,Cung Đàn Giáng Sinh,,,,,,,,,,,,,,,,vietlyrics,ZW6UCCBO,,,,MISSING_TITLE_OR_ARTIST
,Cung Đàn Xanh,,,,,,,,,,,,,,,,vietlyrics,ZW78I8AO,,,,MISSING_TITLE_OR_ARTIST
,Cuối Cùng Cho Một Tình Yêu,,,,,,,,,,,,,,,,vietlyrics,ZWZCAA9B,,,,MISSING_TITLE_OR_ARTIST
,Cuộc Tình Trong Mơ,,,,,,,,,,,,,,,,vietlyrics,ZWZ97BE0,,,,MISSING_TITLE_OR_ARTIST
,Cánh Diều Kỷ Niệm,,,,,,,,,,,,,,,,vietlyrics,ZWZCWO8F,,,,MISSING_TITLE_OR_ARTIST
,Câu Chuyện Tình Tôi,,,,,,,,,,,,,,,,vietlyrics,ZW6UCOIE,,,,MISSING_TITLE_OR_ARTIST
,Câu Chuyện Đêm (Version 2),,,,,,,,,,,,,,,,vietlyrics,ZW77FBAB,,,,MISSING_TITLE_OR_ARTIST
,Câu Hỏi Tình Yêu,,,,,,,,,,,,,,,,vietlyrics,ZW77FUUC,,,,MISSING_TITLE_OR_ARTIST
,Cây Đàn Sinh Viên,,,,,,,,,,,,,,,,vietlyrics,ZW60FD98,,,,MISSING_TITLE_OR_ARTIST
,Còn Lại Gì Cho Em,,,,,,,,,,,,,,,,vietlyrics,ZWZA709D,,,,MISSING_TITLE_OR_ARTIST
,Còn Lại Nổi Nhớ,,,,,,,,,,,,,,,,vietlyrics,ZW78WB08,,,,MISSING_TITLE_OR_ARTIST
,Còn Mãi Những Ước Mơ,,,,,,,,,,,,,,,,vietlyrics,ZW60I787,,,,MISSING_TITLE_OR_ARTIST
,Còn Mãi Tìm Anh,,,,,,,,,,,,,,,,vietlyrics,ZW7UAI90,,,,MISSING_TITLE_OR_ARTIST
,Còn Một Mình Với Yêu Thương,,,,,,,,,,,,,,,,vietlyrics,ZW77F7WI,,,,MISSING_TITLE_OR_ARTIST
,Có Bao Giờ Anh Biết,,,,,,,,,,,,,,,,vietlyrics,ZWZBA9DU,,,,MISSING_TITLE_OR_ARTIST
,Có Còn Ai Hơn Em (Remix),,,,,,,,,,,,,,,,vietlyrics,ZW78WAFZ,,,,MISSING_TITLE_OR_ARTIST
,Có Nhau Muôn Đời,,,,,,,,,,,,,,,,vietlyrics,ZWZ979UA,,,,MISSING_TITLE_OR_ARTIST
,Có Nụ Hoa Hồng Bỗng Gọi Tên Anh,,,,,,,,,,,,,,,,vietlyrics,ZW6OW6U8,,,,MISSING_TITLE_OR_ARTIST
,Cô Gái K'ho Xuống Chợ,,,,,,,,,,,,,,,,vietlyrics,ZW6UAOFU,,,,MISSING_TITLE_OR_ARTIST
,Cùng Hành Quân Giữa Mùa Xuân,,,,,,,,,,,,,,,,vietlyrics,ZWZC9Z89,,,,MISSING_TITLE_OR_ARTIST
,Cún Bin Yêu,,,,,,,,,,,,,,,,vietlyrics,ZW7UAO0A,,,,MISSING_TITLE_OR_ARTIST
,Cơn Mưa Hiếu Kỳ,,,,,,,,,,,,,,,,vietlyrics,ZW77FUOC,,,,MISSING_TITLE_OR_ARTIST
,Cầu Mong Em Hạnh Phúc (Remix),,,,,,,,,,,,,,,,vietlyrics,ZW7UE8BU,,,,MISSING_TITLE_OR_ARTIST
,Cố Quên Cuộc Tình,,,,,,,,,,,,,,,,vietlyrics,Z7C6IIWC,,,,MISSING_TITLE_OR_ARTIST
,Cứ Vui Lên,,,,,,,,,,,,,,,,vietlyrics,ZW78WUAW,,,,MISSING_TITLE_OR_ARTIST
,Diệu Kỳ (DJ Anthony Thái Remix),,,,,,,,,,,,,,,,vietlyrics,ZW77FDUB,,,,MISSING_TITLE_OR_ARTIST
,Dạ Khúc Mưa,,,,,,,,,,,,,,,,vietlyrics,ZWZ9ZIAZ,,,,MISSING_TITLE_OR_ARTIST
,Dấu Chân Địa Đàng,,,,,,,,,,,,,,,,vietlyrics,ZW78IFDA,,,,MISSING_TITLE_OR_ARTIST
,Dấu Vết,,,,,,,,,,,,,,,,vietlyrics,ZWZDWD7A,,,,MISSING_TITLE_OR_ARTIST
,Dấu Yêu Ngày Xưa,,,,,,,,,,,,,,,,vietlyrics,ZWZA08DU,,,,MISSING_TITLE_OR_ARTIST
,Dấu Yêu Xa Tầm Tay,,,,,,,,,,,,,,,,vietlyrics,ZW78WFOW,,,,MISSING_TITLE_OR_ARTIST
,Dối Lòng,,,,,,,,,,,,,,,,vietlyrics,ZWAFC6II,,,,MISSING_TITLE_OR_ARTIST
,Em Có Còn Thắt Bím,,,,,,,,,,,,,,,,vietlyrics,ZW60IEDE,,,,MISSING_TITLE_OR_ARTIST
,Em Của Tôi,,,,,,,,,,,,,,,,vietlyrics,ZWB0DCWW,,,,MISSING_TITLE_OR_ARTIST
,Em Không Tin Em Quá Ghen,,,,,,,,,,,,,,,,vietlyrics,ZW7UE79A,,,,MISSING_TITLE_OR_ARTIST
,Em Muốn Làm Ca Sĩ,,,,,,,,,,,,,,,,vietlyrics,ZW77FU6I,,,,MISSING_TITLE_OR_ARTIST
,Em Sẽ Về,,,,,,,,,,,,,,,,vietlyrics,ZW7UBAE7,,,,MISSING_TITLE_OR_ARTIST
,Em Và Tôi,,,,,,,,,,,,,,,,vietlyrics,Z6B7WCDC,,,,MISSING_TITLE_OR_ARTIST
,Em Đi Bỏ Lại Con Đường,,,,,,,,,,,,,,,,vietlyrics,ZWZCC89U,,,,MISSING_TITLE_OR_ARTIST
,Em Đến Từ Nghìn Xưa,,,,,,,,,,,,,,,,vietlyrics,ZWZCC70W,,,,MISSING_TITLE_OR_ARTIST
,Em Đừng Quay Về Đây,,,,,,,,,,,,,,,,vietlyrics,ZW77FE97,,,,MISSING_TITLE_OR_ARTIST
,Fighting Fighting (Tỉnh Giấc Tôi Thấy Mình Trong Ai OST),,,,,,,,,,,,,,,,vietlyrics,ZW78IB66,,,,MISSING_TITLE_OR_ARTIST
,Give Me Your Love,,,,,,,,,,,,,,,,vietlyrics,ZW77F878,,,,MISSING_TITLE_OR_ARTIST
,Giả Vờ Như Không Yêu,,,,,,,,,,,,,,,,vietlyrics,ZW77FDUF,,,,MISSING_TITLE_OR_ARTIST
,Giấc Mơ Buồn,,,,,,,,,,,,,,,,vietlyrics,ZW77FUEF,,,,MISSING_TITLE_OR_ARTIST
,Giấc Mơ Hòa Bình,,,,,,,,,,,,,,,,vietlyrics,ZWZDBFAZ,,,,MISSING_TITLE_OR_ARTIST
,Giấc Mơ Sum Vầy,,,,,,,,,,,,,,,,vietlyrics,ZW7UBAEI,,,,MISSING_TITLE_OR_ARTIST
,Giấc Mơ Về Ngôi Nhà,,,,,,,,,,,,,,,,vietlyrics,ZWZA709C,,,,MISSING_TITLE_OR_ARTIST
,Giấu (Beat),,,,,,,,,,,,,,,,vietlyrics,ZW77F87F,,,,MISSING_TITLE_OR_ARTIST
,Giọt Lệ Tình,,,,,,,,,,,,,,,,vietlyrics,ZWZ9Z7E8,,,,MISSING_TITLE_OR_ARTIST
,Giờ Em Đã Hiểu,,,,,,,,,,,,,,,,vietlyrics,ZW7U9OF8,,,,MISSING_TITLE_OR_ARTIST
,Giữa Mạc Tư Khoa Nghe Câu Hò Ví Dặm,,,,,,,,,,,,,,,,vietlyrics,ZWZCA968,,,,MISSING_TITLE_OR_ARTIST
,Gã Si Tình Rong Rêu,,,,,,,,,,,,,,,,vietlyrics,ZW78IEFI,,,,MISSING_TITLE_OR_ARTIST
,Gửi Lại Mùa Xuân,,,,,,,,,,,,,,,,vietlyrics,ZWZ979W0,,,,MISSING_TITLE_OR_ARTIST
,Gửi Người Tôi Thương,,,,,,,,,,,,,,,,vietlyrics,ZWZCEZ6A,,,,MISSING_TITLE_OR_ARTIST
,Hai Giới Tính Một Cuộc Đời,,,,,,,,,,,,,,,,vietlyrics,ZW669FW6,,,,MISSING_TITLE_OR_ARTIST
,Hoang Vu,,,,,,,,,,,,,,,,vietlyrics,ZWAD8ZUD,,,,MISSING_TITLE_OR_ARTIST
,Hy Vọng Mong Manh,,,,,,,,,,,,,,,,vietlyrics,ZW68DAU7,,,,MISSING_TITLE_OR_ARTIST
,Hà Tĩnh Mình Thương,,,,,,,,,,,,,,,,vietlyrics,ZWZC9ZB7,,,,MISSING_TITLE_OR_ARTIST
,Hãy Nói Em Yêu Anh,,,,,,,,,,,,,,,,vietlyrics,ZW78IFAD,,,,MISSING_TITLE_OR_ARTIST
,Hãy Quên Anh,,,,,,,,,,,,,,,,vietlyrics,Z7O8WWF8,,,,MISSING_TITLE_OR_ARTIST
,Hãy Sống Với Con Tim,,,,,,,,,,,,,,,,vietlyrics,ZWZF8CC9,,,,MISSING_TITLE_OR_ARTIST
,Hãy Yêu Đời,,,,,,,,,,,,,,,,vietlyrics,ZWZ9BO0Z,,,,MISSING_TITLE_OR_ARTIST
,Hơn Cả Tình Yêu,,,,,,,,,,,,,,,,vietlyrics,ZW7UBD68,,,,MISSING_TITLE_OR_ARTIST
,Hương Nồng,,,,,,,,,,,,,,,,vietlyrics,ZWZ9Z7EO,,,,MISSING_TITLE_OR_ARTIST
,Hạnh Phúc Buồn,,,,,,,,,,,,,,,,vietlyrics,ZW7UDD9E,,,,MISSING_TITLE_OR_ARTIST
,Hạnh Phúc Mãi Xa,,,,,,,,,,,,,,,,vietlyrics,ZWZC6D06,,,,MISSING_TITLE_OR_ARTIST
,Hạt Mưa Và Nỗi Nhớ,,,,,,,,,,,,,,,,vietlyrics,ZW60FC68,,,,MISSING_TITLE_OR_ARTIST
,Hứa Rồi Thất Hứa (Dj Phan Hiếu Remix),,,,,,,,,,,,,,,,vietlyrics,ZW7U9OFZ,,,,MISSING_TITLE_OR_ARTIST
,Khi Anh Cần Em,,,,,,,,,,,,,,,,vietlyrics,ZWZ97W6F,,,,MISSING_TITLE_OR_ARTIST
,Khi Không Còn Yêu,,,,,,,,,,,,,,,,vietlyrics,ZWZ9ZZ7Z,,,,MISSING_TITLE_OR_ARTIST
,Khi Lá Vàng Rơi,,,,,,,,,,,,,,,,vietlyrics,ZWZCW0AB,,,,MISSING_TITLE_OR_ARTIST
,Khung Trời Ngày Xưa,,,,,,,,,,,,,,,,vietlyrics,ZWA96EU0,,,,MISSING_TITLE_OR_ARTIST
,Khóc Để Biết (Rock Version),,,,,,,,,,,,,,,,vietlyrics,ZW7UDZ8D,,,,MISSING_TITLE_OR_ARTIST
,Không Hối Hận Khi Đã Yêu,,,,,,,,,,,,,,,,vietlyrics,ZWZ9ZWF8,,,,MISSING_TITLE_OR_ARTIST
,Khúc Hát Ân Tình,,,,,,,,,,,,,,,,vietlyrics,ZWZCDC7Z,,,,MISSING_TITLE_OR_ARTIST
,Khúc Tình Buồn,,,,,,,,,,,,,,,,vietlyrics,ZWZAI8U0,,,,MISSING_TITLE_OR_ARTIST
,Khúc Tình Xa,,,,,,,,,,,,,,,,vietlyrics,ZWZCUO7O,,,,MISSING_TITLE_OR_ARTIST
,Kỷ Niệm Mùa Thu Hà Nội,,,,,,,,,,,,,,,,vietlyrics,ZWZAWB9E,,,,MISSING_TITLE_OR_ARTIST
,Liên Khúc Mừng Sinh Nhật (Remix),,,,,,,,,,,,,,,,vietlyrics,ZW7U9IU6,,,,MISSING_TITLE_OR_ARTIST
,Liên Khúc Tình Phiêu Lãng - Vẫn Yêu Dại Khờ,,,,,,,,,,,,,,,,vietlyrics,ZW60I78W,,,,MISSING_TITLE_OR_ARTIST
,LK Giếng Làng - Ôi Quê Tôi,,,,,,,,,,,,,,,,vietlyrics,ZW780C7E,,,,MISSING_TITLE_OR_ARTIST
,LK Mai Lỡ Xa Nhau,,,,,,,,,,,,,,,,vietlyrics,ZW7UBA7E,,,,MISSING_TITLE_OR_ARTIST
,LK Miền Tây Quê Tôi - Tình Quê Miền Tây,,,,,,,,,,,,,,,,vietlyrics,ZW780WDA,,,,MISSING_TITLE_OR_ARTIST
,LK Trống Cơm - Trèo Lên Quán Dốc,,,,,,,,,,,,,,,,vietlyrics,ZW780C7B,,,,MISSING_TITLE_OR_ARTIST
,LK Tình Lúa Duyên Trăng,,,,,,,,,,,,,,,,vietlyrics,ZW77FFIE,,,,MISSING_TITLE_OR_ARTIST
,LK Vu Lan Nhớ Mẹ,,,,,,,,,,,,,,,,vietlyrics,ZW78W77A,,,,MISSING_TITLE_OR_ARTIST
,LK Về Đâu Mái Tóc Người Thương - Thiệp Hồng Báo Tin,,,,,,,,,,,,,,,,vietlyrics,ZW7UD70U,,,,MISSING_TITLE_OR_ARTIST
,Ly Cà Phê Ban Mê,,,,,,,,,,,,,,,,vietlyrics,Z6FWDWF9,,,,MISSING_TITLE_OR_ARTIST
,Lúa Mùa Duyên Thắm,,,,,,,,,,,,,,,,vietlyrics,ZW77FFDC,,,,MISSING_TITLE_OR_ARTIST
,Lầm Tưởng Anh Yêu Em,,,,,,,,,,,,,,,,vietlyrics,ZW7UCCAI,,,,MISSING_TITLE_OR_ARTIST
,Lời Ca Dâng Bác,,,,,,,,,,,,,,,,vietlyrics,ZW6UA06E,,,,MISSING_TITLE_OR_ARTIST
,Lời Từ Biệt Tình Yêu,,,,,,,,,,,,,,,,vietlyrics,ZW78WCCO,,,,MISSING_TITLE_OR_ARTIST
,Mùa Hè Ơi,,,,,,,,,,,,,,,,vietlyrics,ZWZ99099,,,,MISSING_TITLE_OR_ARTIST
,"Mùa Xuân, Mùa Xuân",,,,,,,,,,,,,,,,vietlyrics,ZW78WADA,,,,MISSING_TITLE_OR_ARTIST
,Múc Ánh Trăng Vàng,,,,,,,,,,,,,,,,vietlyrics,ZW7UBDBC,,,,MISSING_TITLE_OR_ARTIST
,Mưa Và Mây Xám,,,,,,,,,,,,,,,,vietlyrics,ZW78I9O8,,,,MISSING_TITLE_OR_ARTIST
,Mắt Buồn,,,,,,,,,,,,,,,,vietlyrics,ZWZ97W8U,,,,MISSING_TITLE_OR_ARTIST
,Mộng Thủy Tinh,,,,,,,,,,,,,,,,vietlyrics,ZWZ9ZWA8,,,,MISSING_TITLE_OR_ARTIST
,Một Lời Cuối Cho Em,,,,,,,,,,,,,,,,vietlyrics,ZWZ97807,,,,MISSING_TITLE_OR_ARTIST
,Một Ngày Anh Đến,,,,,,,,,,,,,,,,vietlyrics,ZWZ96B8E,,,,MISSING_TITLE_OR_ARTIST
,"Một Người Quay Lưng, Một Người",,,,,,,,,,,,,,,,vietlyrics,ZW7UEAUD,,,,MISSING_TITLE_OR_ARTIST
,Ngày Tháng Còn Đó,,,,,,,,,,,,,,,,vietlyrics,ZWZ978D7,,,,MISSING_TITLE_OR_ARTIST
,Ngày Xưa Biển Hát,,,,,,,,,,,,,,,,vietlyrics,ZWZ9FCC7,,,,MISSING_TITLE_OR_ARTIST
,Người Em Đã Yêu,,,,,,,,,,,,,,,,vietlyrics,ZW679C90,,,,MISSING_TITLE_OR_ARTIST
,Người Già Và Em Bé,,,,,,,,,,,,,,,,vietlyrics,ZW78WACO,,,,MISSING_TITLE_OR_ARTIST
,Người Mẹ Và Hoa Sứ Trắng,,,,,,,,,,,,,,,,vietlyrics,ZW6UC7ZA,,,,MISSING_TITLE_OR_ARTIST
,Người Đã Lãng Quên Rồi,,,,,,,,,,,,,,,,vietlyrics,ZW78W687,,,,MISSING_TITLE_OR_ARTIST
,Người Ơi Hãy Về Bên Tôi,,,,,,,,,,,,,,,,vietlyrics,ZW78WAUU,,,,MISSING_TITLE_OR_ARTIST
,Ngược,,,,,,,,,,,,,,,,vietlyrics,ZWADZ8I9,,,,MISSING_TITLE_OR_ARTIST
,Nhớ Lắm Huế Ơi,,,,,,,,,,,,,,,,vietlyrics,ZWZAIAOB,,,,MISSING_TITLE_OR_ARTIST
,Nhớ Mãi Cơn Mưa Mùa Thu,,,,,,,,,,,,,,,,vietlyrics,ZW6UDD07,,,,MISSING_TITLE_OR_ARTIST
,Nhớ Mùa Thu Hà Nội,,,,,,,,,,,,,,,,vietlyrics,ZWZCCUCE,,,,MISSING_TITLE_OR_ARTIST
,Nhớ Thuở Phiêu Diêu,,,,,,,,,,,,,,,,vietlyrics,ZWZEF79W,,,,MISSING_TITLE_OR_ARTIST
,Những Ngày Ấu Thơ,,,,,,,,,,,,,,,,vietlyrics,ZW7UAWFI,,,,MISSING_TITLE_OR_ARTIST
,Những Năm Tháng Không Quên,,,,,,,,,,,,,,,,vietlyrics,ZW78WCZF,,,,MISSING_TITLE_OR_ARTIST
,Những Trái Tim Hồng,,,,,,,,,,,,,,,,vietlyrics,ZWZCC9ID,,,,MISSING_TITLE_OR_ARTIST
,Những Ánh Sao Đêm,,,,,,,,,,,,,,,,vietlyrics,ZWZ9AZUA,,,,MISSING_TITLE_OR_ARTIST
,Niềm Thương Mến,,,,,,,,,,,,,,,,vietlyrics,ZW6UCBFD,,,,MISSING_TITLE_OR_ARTIST
,Nước Mắt Trên Phím Đàn,,,,,,,,,,,,,,,,vietlyrics,ZWZCC867,,,,MISSING_TITLE_OR_ARTIST
,Nếu Còn Gặp Nhau,,,,,,,,,,,,,,,,vietlyrics,ZWZAI97U,,,,MISSING_TITLE_OR_ARTIST
,Nếu Không Còn Yêu,,,,,,,,,,,,,,,,vietlyrics,ZWZ9AWWZ,,,,MISSING_TITLE_OR_ARTIST
,Nỗi Nhớ Tình Tôi,,,,,,,,,,,,,,,,vietlyrics,ZWZ9ZUC8,,,,MISSING_TITLE_OR_ARTIST
,Phai Nhạt,,,,,,,,,,,,,,,,vietlyrics,ZW68IWZZ,,,,MISSING_TITLE_OR_ARTIST
,Phía Sau Nỗi Đau,,,,,,,,,,,,,,,,vietlyrics,ZW7UAW9D,,,,MISSING_TITLE_OR_ARTIST
,Qua Bến Đò Quan,,,,,,,,,,,,,,,,vietlyrics,ZWZCAABA,,,,MISSING_TITLE_OR_ARTIST
,Quà Trung Thu Của Bố,,,,,,,,,,,,,,,,vietlyrics,ZW77F9WC,,,,MISSING_TITLE_OR_ARTIST
,Quán Cóc,,,,,,,,,,,,,,,,vietlyrics,ZWZ9CUEU,,,,MISSING_TITLE_OR_ARTIST
,Quán Khuya,,,,,,,,,,,,,,,,vietlyrics,ZW7UACE6,,,,MISSING_TITLE_OR_ARTIST
,Quê Em Mùa Nước Lũ,,,,,,,,,,,,,,,,vietlyrics,ZW7UE78A,,,,MISSING_TITLE_OR_ARTIST
,Quê Hương Tôi,,,,,,,,,,,,,,,,vietlyrics,Z790FWFW,,,,MISSING_TITLE_OR_ARTIST
,Sao Không Cho Nhau (Remix),,,,,,,,,,,,,,,,vietlyrics,ZW7UE7UO,,,,MISSING_TITLE_OR_ARTIST
,Sẽ Không Là Mơ,,,,,,,,,,,,,,,,vietlyrics,ZW60D90O,,,,MISSING_TITLE_OR_ARTIST
,Ta Đã Thấy Mùa Xuân,,,,,,,,,,,,,,,,vietlyrics,ZW60IF9I,,,,MISSING_TITLE_OR_ARTIST
,Tan Hết Mùa Yêu Xưa,,,,,,,,,,,,,,,,vietlyrics,ZW6UCEOA,,,,MISSING_TITLE_OR_ARTIST
,Thuyền Về Bến Xưa,,,,,,,,,,,,,,,,vietlyrics,ZWZDC99C,,,,MISSING_TITLE_OR_ARTIST
,Thà Muộn Còn Hơn Không,,,,,,,,,,,,,,,,vietlyrics,ZWZ9ZWBI,,,,MISSING_TITLE_OR_ARTIST
,Thái Bình Nơi Tôi Sinh Ra,,,,,,,,,,,,,,,,vietlyrics,ZW77F7ZE,,,,MISSING_TITLE_OR_ARTIST
,Thằng Cuội,,,,,,,,,,,,,,,,vietlyrics,ZW780BUO,,,,MISSING_TITLE_OR_ARTIST
,Thời Gian Em Đi Học,,,,,,,,,,,,,,,,vietlyrics,ZWZCOD8E,,,,MISSING_TITLE_OR_ARTIST
,Tia Nắng Bình Yên,,,,,,,,,,,,,,,,vietlyrics,ZWZF8CCZ,,,,MISSING_TITLE_OR_ARTIST
,Tim Em Là Của Riêng Anh,,,,,,,,,,,,,,,,vietlyrics,ZW78WC78,,,,MISSING_TITLE_OR_ARTIST
,Tim Yêu,,,,,,,,,,,,,,,,vietlyrics,ZWZ97W7W,,,,MISSING_TITLE_OR_ARTIST
,Trong Ánh Chớp Số Phận,,,,,,,,,,,,,,,,vietlyrics,ZWZDW9CC,,,,MISSING_TITLE_OR_ARTIST
,Trái Tim Khô,,,,,,,,,,,,,,,,vietlyrics,Z6B6BCUU,,,,MISSING_TITLE_OR_ARTIST
,Trước Biển Với Ông,,,,,,,,,,,,,,,,vietlyrics,ZW7UAWFO,,,,MISSING_TITLE_OR_ARTIST
,Trả Lại Người Tình,,,,,,,,,,,,,,,,vietlyrics,ZW66FO98,,,,MISSING_TITLE_OR_ARTIST
,Trọn Kiếp Chờ Nhau,,,,,,,,,,,,,,,,vietlyrics,ZW6UE0OB,,,,MISSING_TITLE_OR_ARTIST
,Tình Của Mẹ,,,,,,,,,,,,,,,,vietlyrics,ZW78W77D,,,,MISSING_TITLE_OR_ARTIST
,Tình Huế,,,,,,,,,,,,,,,,vietlyrics,ZWZ9Z7EI,,,,MISSING_TITLE_OR_ARTIST
,Tình Yêu Màu Xanh,,,,,,,,,,,,,,,,vietlyrics,ZW77EF6A,,,,MISSING_TITLE_OR_ARTIST
,Tình Yêu Rất Lạ,,,,,,,,,,,,,,,,vietlyrics,ZWZDC0WC,,,,MISSING_TITLE_OR_ARTIST
,Tình Đen Bạc,,,,,,,,,,,,,,,,vietlyrics,ZWZ9EZUA,,,,MISSING_TITLE_OR_ARTIST
,Tôi Không Tin Em Đổi Thay,,,,,,,,,,,,,,,,vietlyrics,ZWZ9ZWBZ,,,,MISSING_TITLE_OR_ARTIST
,Tự Hào Thành Phố Mang Tên Người,,,,,,,,,,,,,,,,vietlyrics,ZW77FZWZ,,,,MISSING_TITLE_OR_ARTIST
,Và Em Có Biết (Tropical House Version),,,,,,,,,,,,,,,,vietlyrics,ZW77FUZI,,,,MISSING_TITLE_OR_ARTIST
,Vì Em Là Của Anh,,,,,,,,,,,,,,,,vietlyrics,ZW7U9IWC,,,,MISSING_TITLE_OR_ARTIST
,Vì Em Quyến Rũ Mỗi Ngày,,,,,,,,,,,,,,,,vietlyrics,ZW780BZC,,,,MISSING_TITLE_OR_ARTIST
,Vì Ta Không Hiểu Nhau,,,,,,,,,,,,,,,,vietlyrics,ZW77FBB0,,,,MISSING_TITLE_OR_ARTIST
,Vẫn Nồng Nàn Tình Quê,,,,,,,,,,,,,,,,vietlyrics,ZW7UC060,,,,MISSING_TITLE_OR_ARTIST
,Vẫn Yêu Dại Khờ,,,,,,,,,,,,,,,,vietlyrics,ZW60I7IZ,,,,MISSING_TITLE_OR_ARTIST
,Vắng Cha,,,,,,,,,,,,,,,,vietlyrics,ZWZ9EZCI,,,,MISSING_TITLE_OR_ARTIST
,Vết Thương Của Riêng Anh,,,,,,,,,,,,,,,,vietlyrics,ZW78WAE9,,,,MISSING_TITLE_OR_ARTIST
,Về Quê Ngoại (EDM Version),,,,,,,,,,,,,,,,vietlyrics,ZW7UDZ8B,,,,MISSING_TITLE_OR_ARTIST
,Xe Buýt Hai Tầng,,,,,,,,,,,,,,,,vietlyrics,ZWZ9906I,,,,MISSING_TITLE_OR_ARTIST
,Xin Anh Quay Về Bên Em,,,,,,,,,,,,,,,,vietlyrics,ZW7UBA7I,,,,MISSING_TITLE_OR_ARTIST
,Xin Một Ngày Mai Có Nhau,,,,,,,,,,,,,,,,vietlyrics,ZW78WA8I,,,,MISSING_TITLE_OR_ARTIST
,Yêu Lầm,,,,,,,,,,,,,,,,vietlyrics,ZZEEWIEZ,,,,MISSING_TITLE_OR_ARTIST
,Ánh Chớp Sự Thật,,,,,,,,,,,,,,,,vietlyrics,ZW78IFBU,,,,MISSING_TITLE_OR_ARTIST
,Âm Nhạc Bạn Và Tôi,,,,,,,,,,,,,,,,vietlyrics,ZWZ9EEA6,,,,MISSING_TITLE_OR_ARTIST
,Đau Xót Con Đò,,,,,,,,,,,,,,,,vietlyrics,ZW77F79U,,,,MISSING_TITLE_OR_ARTIST
,Đành Thôi Quên Lãng,,,,,,,,,,,,,,,,vietlyrics,ZW78WA9U,,,,MISSING_TITLE_OR_ARTIST
,Đánh Mất Niềm Vui,,,,,,,,,,,,,,,,vietlyrics,ZW78O8D7,,,,MISSING_TITLE_OR_ARTIST
,Đã Muộn Rồi,,,,,,,,,,,,,,,,vietlyrics,ZWZCC86U,,,,MISSING_TITLE_OR_ARTIST
,Đã Mất Em Rồi,,,,,,,,,,,,,,,,vietlyrics,ZWZEIO7U,,,,MISSING_TITLE_OR_ARTIST
,Đêm Chia Xa,,,,,,,,,,,,,,,,vietlyrics,ZWZA0UIW,,,,MISSING_TITLE_OR_ARTIST
,Đêm Cuối,,,,,,,,,,,,,,,,vietlyrics,ZWZD6E6U,,,,MISSING_TITLE_OR_ARTIST
,Đêm Nằm Mơ Phố,,,,,,,,,,,,,,,,vietlyrics,ZWZ967E7,,,,MISSING_TITLE_OR_ARTIST
,Đêm Sapa,,,,,,,,,,,,,,,,vietlyrics,ZW6UDF9W,,,,MISSING_TITLE_OR_ARTIST
,Đêm Say Tình,,,,,,,,,,,,,,,,vietlyrics,ZW77FEU0,,,,MISSING_TITLE_OR_ARTIST
,Đẹp Tình ! Đẹp Quê,,,,,,,,,,,,,,,,vietlyrics,ZWZDC986,,,,MISSING_TITLE_OR_ARTIST
,Để Cho Em Ra Đi,,,,,,,,,,,,,,,,vietlyrics,ZWZCWWIZ,,,,MISSING_TITLE_OR_ARTIST
,Để Đau Thương Lại Chính Mình,,,,,,,,,,,,,,,,vietlyrics,ZWZCWWIB,,,,MISSING_TITLE_OR_ARTIST
,Đổi Tên Một Cuộc Tình,,,,,,,,,,,,,,,,vietlyrics,ZWZ9669F,,,,MISSING_TITLE_OR_ARTIST
,Độc Thân Không Rõ Nguyên Nhân,,,,,,,,,,,,,,,,vietlyrics,ZW7U9U9E,,,,MISSING_TITLE_OR_ARTIST
,Đột Phá Tình Yêu,,,,,,,,,,,,,,,,vietlyrics,ZW7UCCA8,,,,MISSING_TITLE_OR_ARTIST
,Đời Mẹ,,,,,,,,,,,,,,,,vietlyrics,ZWZ966CO,,,,MISSING_TITLE_OR_ARTIST
,Đợi Em Trong Mơ,,,,,,,,,,,,,,,,vietlyrics,ZWZ97OFD,,,,MISSING_TITLE_OR_ARTIST
,Đừng Gục Ngã,,,,,,,,,,,,,,,,vietlyrics,ZW7UCEIC,,,,MISSING_TITLE_OR_ARTIST
,Ước Mơ Nào Cho Em,,,,,,,,,,,,,,,,vietlyrics,ZW78IE87,,,,MISSING_TITLE_OR_ARTIST
,Anh Và Anh,Vũ Cát Tường,,,,,,,,,,,,,,,musicbrainz_open_data,54a22fcc-2db9-4810-8db7-27900cb9054b,,,,DUPLICATE_ACROSS_SOURCES
,giá như,SOOBIN,,,,,,,,,,,,,,,musicbrainz_open_data,33c0bf7e-e658-4b9f-827a-e9fe8bee6b04,,,,DUPLICATE_ACROSS_SOURCES
,giá như,SOOBIN,,,,,,,,,,,,,,,musicbrainz_open_data,219a4f44-fec8-47aa-89df-8ade08e45b62,,,,DUPLICATE_ACROSS_SOURCES
,My Everything,Tiên Tiên,,,,,,,,,,,,,,,musicbrainz_open_data,25e4e252-a558-4367-8605-ccae1d4f772c,,,,DUPLICATE_ACROSS_SOURCES
,Vì Tôi Còn Sống,Tiên Tiên,,,,,,,,,,,,,,,musicbrainz_open_data,4ce85943-a36f-4fa3-91f2-a119db7db3ed,,,,DUPLICATE_ACROSS_SOURCES
,Hôm nay tôi nghe,Trịnh Vĩnh Trinh,,,,,,,,,,,,,,,musicbrainz_open_data,bf4f4811-7a03-4eae-999a-73679a4e31e7,,,,DUPLICATE_ACROSS_SOURCES
,Cho đời chút ơn,Trịnh Vĩnh Trinh,,,,,,,,,,,,,,,musicbrainz_open_data,259a27b7-d3c0-4b05-9368-222258468443,,,,DUPLICATE_ACROSS_SOURCES
,Hương nồng,Bảo Yến,,,,,,,,,,,,,,,musicbrainz_open_data,a14cc1ab-2af8-4383-b73e-ef0be3451f81,,,,DUPLICATE_ACROSS_SOURCES
,Đừng bỏ em một mình,Lệ Thu,,,,,,,,,,,,,,,musicbrainz_open_data,37078e5b-8a16-436f-bbdd-da57657f0631,,,,DUPLICATE_ACROSS_SOURCES
,Trong nỗi nhớ muộn màng,Ý Lan,,,,,,,,,,,,,,,musicbrainz_open_data,dc840147-d9ca-46b1-982e-08caa88ab104,,,,DUPLICATE_ACROSS_SOURCES
,Cành hoa trắng,Lê Hiếu,,,,,,,,,,,,,,,musicbrainz_open_data,b32c2843-7b8b-4e8a-9bb5-143e93813457,,,,DUPLICATE_ACROSS_SOURCES
,Sự sống,Unlimited,,,,,,,,,,,,,,,musicbrainz_open_data,1154221a-c2fb-4d2a-92c7-23ba229f886d,,,,DUPLICATE_ACROSS_SOURCES
,Wings of Destiny,Unlimited,,,,,,,,,,,,,,,musicbrainz_open_data,955008a5-89b7-46ce-a17c-13005a9b97bd,,,,DUPLICATE_ACROSS_SOURCES
,Phantom of the Opera,Unlimited,,,,,,,,,,,,,,,musicbrainz_open_data,dea902e1-7dd2-4ba0-8198-43db5fe4faae,,,,DUPLICATE_ACROSS_SOURCES
,Lá đỏ,Quang Thọ,,,,,,,,,,,,,,,musicbrainz_open_data,1b263f96-8b7b-45bc-b64f-b12ebee30c69,,,,DUPLICATE_ACROSS_SOURCES
,Giữa Mạc Tư Khoa nghe câu hò Ví Dặm,Thu Hiền,,,,,,,,,,,,,,,musicbrainz_open_data,b5cb3a4e-f547-450d-8a2e-cf2ffaf1fc6d,,,,DUPLICATE_ACROSS_SOURCES
,Tàu anh qua núi,Anh Thơ,,,,,,,,,,,,,,,musicbrainz_open_data,0318fe89-a968-4b0f-9b74-2a170a4ef734,,,,DUPLICATE_ACROSS_SOURCES
,Trăng khuyết,Tân Nhàn,,,,,,,,,,,,,,,musicbrainz_open_data,4bbe8361-305e-4043-8a74-c8dc8fb0b9c6,,,,DUPLICATE_ACROSS_SOURCES
,Diana,Ricky Star,,,,,,,,,,,,,,,musicbrainz_open_data,163a511b-2d4c-4590-b461-d1f1523f586b,,,,DUPLICATE_ACROSS_SOURCES
,sao anh chưa về nhà,Ricky Star,,,,,,,,,,,,,,,musicbrainz_open_data,33230d8b-baa6-4284-ae74-3c2fa47652f1,,,,DUPLICATE_ACROSS_SOURCES
,I'LL Be Okay,Thúy Hường,,,,,,,,,,,,,,,musicbrainz_open_data,ed3e233a-0cf9-4146-a0ef-97447d648406,,,,DUPLICATE_ACROSS_SOURCES
,"Thương Nhau Ngày Mưa, Một Giấc Mơ",Thúy Hường,,,,,,,,,,,,,,,musicbrainz_open_data,9b5bc8e8-e247-40dd-9439-0bdda4b5563e,,,,DUPLICATE_ACROSS_SOURCES
,cai tram em cai,Thúy Hường,,,,,,,,,,,,,,,musicbrainz_open_data,e54f2435-415b-43eb-b69e-fe3f62ed7a16,,,,DUPLICATE_ACROSS_SOURCES
